WAGYRO;10
Time;Ax;Ay;Az;Gx;Gy;Gz;Hx;Hy;Hz;Temp;AnBat;Angle
0;806;810;765;764;764;383;-293;-188;376;229;863;173;
1;807;810;765;764;764;384;-292;-185;373;229;862;283;
2;805;809;764;765;764;384;-291;-193;371;229;861;282;
3;805;809;764;765;764;384;-285;-188;377;229;862;207;
4;805;809;764;765;764;384;-294;-193;380;229;861;207;
5;805;810;765;765;764;384;-291;-190;375;229;862;197;
6;805;809;765;765;764;384;-290;-189;376;229;861;197;
7;805;809;765;764;764;384;-297;-189;373;229;861;279;
8;806;809;766;765;764;384;-292;-190;375;229;861;279;
9;806;809;766;764;764;384;-296;-189;377;229;861;283;
10;806;809;764;764;764;384;-295;-185;376;229;861;282;
11;806;808;764;765;765;385;-300;-188;367;229;861;282;
12;806;808;764;765;764;384;-292;-194;374;229;861;282;
13;807;809;765;765;764;384;-299;-192;368;229;861;283;
14;807;809;765;764;764;384;-291;-188;377;229;861;282;
15;807;808;766;765;764;384;-289;-185;376;229;861;282;
16;807;809;765;765;764;384;-297;-185;369;229;861;207;
17;807;809;765;764;765;384;-295;-189;370;229;860;207;
18;807;809;765;764;764;384;-290;-191;371;229;861;197;
19;807;809;766;765;765;383;-289;-193;372;229;860;197;
20;806;810;765;765;765;384;-291;-188;376;229;860;278;
21;805;810;764;764;765;384;-292;-187;374;229;860;278;
22;806;809;764;764;764;384;-296;-187;371;230;860;282;
23;806;809;764;765;764;384;-291;-185;372;229;860;282;
24;806;809;765;765;764;384;-289;-181;373;229;860;282;
25;805;809;765;765;765;384;-294;-191;377;229;859;282;
26;805;810;765;765;765;385;-295;-189;375;229;860;282;
27;806;810;766;765;764;385;-290;-189;371;229;860;282;
28;807;809;766;765;764;385;-298;-184;377;229;860;282;
29;807;808;765;765;764;384;-294;-185;375;229;860;207;
30;806;810;764;764;765;384;-293;-190;374;229;860;207;
31;806;809;765;764;764;384;-297;-183;369;229;860;196;
32;806;808;765;764;764;384;-292;-186;372;229;859;272;
33;806;809;765;764;764;384;-295;-188;374;230;859;277;
34;806;808;764;764;764;384;-288;-190;373;229;859;277;
35;806;808;764;765;764;384;-293;-190;370;230;860;281;
36;805;809;764;764;764;384;-295;-186;373;229;859;281;
37;805;808;765;765;764;384;-299;-184;376;229;859;281;
38;806;808;765;765;764;384;-293;-183;374;229;859;281;
39;806;809;766;765;764;384;-294;-182;377;229;859;281;
40;806;810;766;765;765;384;-290;-187;375;229;859;281;
41;806;809;765;764;764;384;-289;-185;374;229;859;281;
42;806;809;766;764;765;384;-290;-184;367;229;859;206;
43;806;808;765;765;764;384;-290;-183;375;229;859;206;
44;806;808;765;764;764;384;-295;-188;377;229;859;196;
45;807;809;764;764;764;384;-294;-185;372;229;859;276;
46;806;808;764;764;764;384;-292;-187;375;230;859;277;
47;807;807;763;765;765;385;-298;-182;366;229;859;277;
48;806;807;762;765;764;384;-285;-183;370;230;859;281;
49;805;805;763;765;764;384;-296;-184;372;229;859;281;
50;805;807;766;765;764;384;-295;-186;374;230;859;281;
51;805;812;768;766;765;384;-300;-187;372;229;858;281;
52;805;815;767;765;764;384;-292;-189;372;229;858;281;
53;807;816;768;764;764;384;-290;-190;372;229;858;280;
54;809;815;767;764;764;384;-290;-188;373;229;859;280;
55;809;812;765;764;764;385;-289;-192;376;229;858;205;
56;809;808;765;764;764;385;-295;-184;369;229;858;206;
57;807;806;764;764;764;384;-292;-183;372;229;858;196;
58;806;806;764;764;764;383;-295;-181;374;229;858;276;
59;805;805;764;764;764;384;-297;-178;369;230;858;277;
60;805;805;764;764;765;384;-297;-178;373;230;858;276;
61;805;804;764;765;765;384;-285;-182;371;230;858;281;
62;804;804;762;765;765;384;-292;-178;373;229;858;281;
63;805;808;764;765;764;383;-292;-181;376;229;858;281;
64;807;808;765;765;764;384;-296;-179;370;229;858;281;
65;807;808;764;765;764;385;-293;-171;373;229;858;281;
66;807;808;764;765;764;385;-295;-179;367;230;857;281;
67;807;807;765;765;764;384;-295;-182;375;229;858;280;
68;807;808;765;765;764;384;-288;-181;375;229;857;206;
69;807;809;765;765;764;383;-290;-182;368;229;858;206;
70;806;810;765;765;765;383;-287;-185;373;229;857;196;
71;807;809;765;765;764;384;-294;-185;372;230;858;277;
72;806;809;765;765;765;384;-289;-183;372;230;857;277;
73;805;810;765;765;764;383;-290;-180;375;230;858;281;
74;806;810;766;765;764;384;-296;-184;369;230;857;281;
75;805;809;765;764;764;384;-290;-184;375;230;858;281;
76;806;809;765;765;764;384;-295;-186;373;229;857;281;
77;806;809;765;765;764;384;-291;-187;373;230;858;281;
78;805;809;765;765;764;384;-298;-177;369;230;858;281;
79;806;809;765;764;764;384;-296;-181;373;229;858;281;
80;807;809;766;764;764;384;-295;-187;370;230;858;280;
81;806;809;766;764;764;384;-292;-186;375;229;857;206;
82;806;808;765;764;764;384;-293;-182;372;230;858;206;
83;806;808;765;765;764;384;-295;-181;372;230;857;196;
84;805;808;764;765;765;384;-296;-183;370;230;857;277;
85;806;808;764;765;764;385;-293;-183;374;230;857;277;
86;806;807;764;765;765;385;-300;-180;373;230;858;281;
87;806;808;764;765;764;385;-294;-181;379;230;857;281;
88;806;809;765;765;764;384;-296;-183;365;230;858;281;
89;806;809;765;765;765;384;-295;-174;371;230;857;282;
90;807;808;765;765;764;384;-289;-180;375;230;857;281;
91;807;809;765;765;765;384;-294;-184;375;230;857;281;
92;807;808;765;765;765;384;-299;-177;374;230;857;281;
93;807;808;765;764;765;384;-301;-183;371;230;857;207;
94;807;808;764;764;764;384;-290;-180;371;229;858;207;
95;806;807;763;764;765;384;-291;-182;375;230;857;201;
96;805;806;764;765;764;384;-300;-178;371;230;857;197;
97;806;807;764;765;765;384;-290;-180;370;230;857;278;
98;805;808;765;765;764;385;-301;-183;371;230;857;278;
99;806;808;765;765;764;385;-295;-179;370;230;857;282;
0;805;808;766;765;764;384;-289;-185;369;230;856;282;
1;806;809;766;765;764;384;-298;-180;373;230;857;282;
2;806;810;765;765;764;384;-299;-183;369;230;856;280;
3;807;812;767;765;764;385;-299;-191;367;230;857;283;
4;808;811;766;765;764;385;-287;-185;378;230;856;282;
5;807;809;765;764;764;385;-295;-183;378;230;857;282;
6;807;808;765;764;765;384;-294;-183;374;230;856;208;
7;807;808;765;764;764;384;-298;-180;373;230;857;208;
8;807;808;765;765;765;384;-292;-178;371;230;856;201;
9;805;807;764;764;764;385;-298;-183;376;230;856;197;
10;806;806;763;764;764;385;-299;-182;374;230;856;278;
11;806;804;764;764;764;384;-300;-173;380;230;857;278;
12;805;805;764;765;765;384;-293;-176;373;230;857;282;
13;805;807;765;765;764;384;-292;-183;369;230;857;276;
14;806;810;766;765;765;384;-294;-185;373;230;856;282;
15;806;812;766;765;765;384;-300;-186;374;230;856;282;
16;807;813;766;765;764;384;-288;-181;372;230;856;282;
17;807;812;765;764;764;384;-291;-182;369;230;855;282;
18;809;810;766;764;764;384;-293;-173;373;230;856;282;
19;808;809;765;764;764;385;-300;-182;373;230;856;208;
20;807;807;764;764;764;384;-295;-179;372;230;856;208;
21;807;807;765;765;764;383;-296;-177;374;230;855;202;
22;806;807;764;764;765;384;-298;-177;374;230;856;198;
23;805;807;764;765;765;384;-295;-183;372;230;856;279;
24;805;807;764;765;765;384;-297;-178;374;230;856;279;
25;805;807;764;765;764;384;-294;-183;371;230;855;283;
26;805;807;765;765;765;384;-294;-175;374;230;856;283;
27;806;808;765;765;764;384;-292;-178;378;230;856;283;
28;806;809;765;765;765;384;-293;-178;372;230;856;283;
29;806;809;765;765;764;385;-294;-179;368;230;856;283;
30;806;809;765;765;764;384;-292;-176;370;230;855;283;
31;807;809;765;764;764;384;-289;-180;373;230;856;283;
32;807;808;766;765;764;384;-296;-179;373;230;856;209;
33;807;809;765;765;764;384;-295;-177;377;230;855;208;
34;807;810;765;765;764;384;-297;-176;378;230;855;198;
35;807;808;765;764;764;385;-298;-182;367;230;856;199;
36;806;807;764;765;764;385;-294;-179;376;230;855;279;
37;805;807;764;765;764;384;-289;-181;372;230;855;279;
38;805;808;765;765;764;384;-292;-174;373;230;855;284;
39;805;809;765;765;765;384;-297;-182;373;230;856;283;
40;805;808;765;765;764;384;-292;-176;373;230;855;283;
41;805;808;764;765;764;385;-296;-176;371;230;855;283;
42;806;808;764;765;765;384;-299;-180;373;230;855;283;
43;805;809;765;765;764;384;-293;-182;369;230;855;283;
44;806;809;766;765;764;385;-293;-181;373;230;856;283;
45;807;809;767;765;764;385;-292;-183;372;230;855;208;
46;808;810;767;765;764;385;-294;-179;372;230;855;208;
47;808;810;766;765;764;385;-298;-178;376;230;855;198;
48;808;809;765;764;764;384;-288;-182;368;230;855;198;
49;807;808;764;764;764;384;-291;-177;369;230;855;279;
50;807;807;765;764;765;384;-294;-175;366;230;855;279;
51;806;806;765;765;765;385;-301;-174;372;230;855;283;
52;804;807;764;765;765;384;-294;-175;369;230;855;283;
53;804;808;764;765;764;384;-298;-178;373;230;855;283;
54;805;809;765;765;764;385;-296;-174;371;230;855;283;
55;805;809;764;765;765;385;-302;-179;371;230;855;282;
56;806;809;764;765;764;385;-300;-176;375;230;855;283;
57;807;808;764;765;764;385;-295;-170;372;230;855;282;
58;808;808;765;765;764;385;-296;-170;369;230;855;208;
59;808;809;765;765;764;384;-302;-170;366;230;855;208;
60;807;808;765;765;764;384;-298;-171;372;230;855;198;
61;807;808;764;765;764;384;-296;-170;368;230;855;274;
62;807;807;765;765;764;384;-294;-171;376;230;856;279;
63;807;806;765;765;764;384;-300;-171;371;230;855;279;
64;807;806;767;765;764;384;-295;-164;363;230;856;283;
65;807;807;767;765;764;384;-291;-176;367;230;855;282;
66;807;807;767;765;765;384;-299;-172;369;230;855;283;
67;807;809;766;765;765;384;-300;-168;369;230;855;283;
68;807;810;765;764;765;383;-298;-172;368;230;855;282;
69;807;810;764;764;765;384;-302;-172;369;230;855;282;
70;807;809;764;764;765;385;-294;-170;367;230;855;282;
71;806;807;763;765;765;385;-293;-172;376;230;855;208;
72;806;807;763;765;765;385;-296;-170;372;230;855;208;
73;806;808;764;765;765;384;-294;-165;372;230;855;197;
74;807;807;765;765;765;384;-298;-164;373;230;855;277;
75;806;807;765;765;765;385;-292;-168;371;230;856;278;
76;806;807;765;765;764;384;-290;-165;370;230;855;278;
77;807;807;767;765;765;384;-293;-169;374;230;855;282;
78;807;808;766;765;765;384;-294;-170;369;230;855;282;
79;807;808;766;765;765;384;-290;-172;372;230;855;282;
80;806;808;766;765;765;384;-295;-169;375;230;855;282;
81;806;809;764;764;765;384;-296;-171;375;230;855;282;
82;806;809;764;764;765;384;-291;-169;375;230;855;281;
83;806;808;764;764;765;384;-293;-165;373;230;855;281;
84;805;808;763;765;765;385;-290;-170;382;230;855;207;
85;805;807;764;765;764;384;-285;-171;374;230;854;207;
86;805;806;764;765;765;384;-290;-170;380;230;855;197;
87;805;807;764;765;765;384;-287;-170;375;230;855;277;
88;805;808;765;765;765;384;-293;-166;378;230;855;278;
89;805;807;765;765;764;384;-289;-167;376;230;855;277;
90;806;808;766;765;765;384;-288;-170;380;230;855;282;
91;806;808;765;765;764;384;-289;-169;378;230;855;281;
92;806;809;765;765;765;384;-284;-175;374;230;855;281;
93;806;808;764;764;764;384;-287;-169;371;230;855;281;
94;806;807;765;765;765;384;-287;-167;377;230;855;281;
95;806;807;765;765;764;384;-285;-175;378;230;855;281;
96;806;807;765;765;764;384;-290;-169;372;230;855;280;
97;805;807;765;765;765;384;-288;-178;379;230;855;206;
98;805;808;765;765;764;384;-286;-171;371;230;855;206;
99;805;807;765;765;765;384;-286;-170;380;230;855;196;
0;806;807;765;765;765;384;-286;-175;375;230;854;277;
1;806;807;765;765;764;384;-286;-168;376;230;854;277;
2;805;809;763;765;765;384;-279;-166;377;230;854;279;
3;806;808;765;765;764;384;-286;-174;380;230;855;281;
4;805;807;764;765;764;385;-295;-171;372;230;853;280;
5;806;807;765;765;765;384;-288;-168;377;230;855;281;
6;805;809;765;765;765;384;-291;-171;374;230;854;281;
7;805;809;766;765;764;384;-294;-166;372;230;854;281;
8;805;809;765;765;765;385;-288;-163;375;230;853;280;
9;805;808;765;765;764;385;-285;-172;375;230;855;279;
10;806;808;764;765;764;385;-281;-171;377;230;855;206;
11;807;808;766;765;764;385;-286;-165;375;230;855;205;
12;806;807;766;765;764;385;-287;-170;373;230;854;195;
13;806;806;766;765;765;385;-298;-169;375;230;854;276;
14;806;808;765;765;765;384;-287;-164;370;230;855;276;
15;804;809;764;764;765;384;-290;-165;375;231;854;280;
16;804;808;764;764;765;384;-290;-165;378;231;854;280;
17;804;808;764;765;764;384;-286;-161;376;231;854;280;
18;806;809;765;764;764;385;-293;-169;371;230;855;280;
19;807;808;766;765;764;385;-291;-161;375;230;853;280;
20;808;808;765;765;764;384;-286;-167;371;230;854;280;
21;808;807;766;765;764;384;-286;-160;370;230;854;280;
22;808;806;767;764;764;385;-287;-159;368;230;854;205;
23;808;806;766;765;765;384;-290;-162;370;230;853;205;
24;806;805;766;764;765;384;-289;-165;374;230;854;199;
25;806;805;766;764;765;384;-291;-158;368;230;854;196;
26;806;806;766;764;765;384;-286;-160;379;230;854;276;
27;806;805;764;764;765;384;-290;-156;374;230;854;276;
28;806;805;763;765;765;384;-292;-160;375;231;854;280;
29;805;805;762;765;765;384;-291;-161;376;231;854;280;
30;805;804;762;765;764;384;-293;-161;374;231;854;280;
31;806;806;764;765;765;383;-287;-160;379;230;854;280;
32;805;808;763;765;765;383;-294;-159;377;231;854;280;
33;804;808;764;765;765;384;-294;-162;375;230;854;280;
34;803;808;764;765;764;384;-288;-163;379;230;854;280;
35;805;809;766;765;764;384;-287;-166;376;230;854;205;
36;805;809;766;765;764;384;-285;-166;375;230;853;205;
37;805;809;766;765;764;384;-289;-168;371;230;854;199;
38;805;809;766;765;764;384;-288;-161;377;230;853;195;
39;805;808;765;764;764;385;-287;-168;377;231;854;276;
40;806;807;765;765;764;384;-289;-162;376;230;853;276;
41;806;807;765;765;764;384;-298;-165;373;231;854;280;
42;806;808;765;765;765;384;-291;-162;375;231;853;280;
43;806;808;766;765;765;384;-291;-166;376;230;854;280;
44;805;808;765;765;765;384;-289;-168;374;231;854;280;
45;806;807;765;764;764;384;-287;-160;386;230;854;280;
46;806;806;763;764;764;384;-289;-165;378;230;852;280;
47;806;807;764;765;765;384;-291;-163;377;230;853;280;
48;805;806;764;764;764;384;-290;-166;377;230;853;205;
49;806;805;765;765;765;384;-289;-159;375;231;853;206;
50;806;807;764;765;765;384;-293;-162;376;230;854;200;
51;804;809;764;765;765;385;-290;-158;375;230;853;195;
52;804;808;764;765;765;385;-288;-161;377;231;854;276;
53;805;807;764;765;765;385;-286;-158;377;231;853;276;
54;804;808;764;765;765;385;-292;-165;379;231;854;280;
55;805;810;765;765;765;385;-288;-161;374;231;853;280;
56;805;810;765;765;765;386;-288;-160;374;231;854;280;
57;806;808;765;765;765;387;-288;-155;373;231;853;280;
58;807;805;765;765;764;386;-299;-152;373;230;854;280;
59;808;805;766;765;765;386;-290;-157;373;230;853;280;
60;808;807;767;765;765;385;-288;-160;382;230;854;280;
61;807;809;765;764;765;384;-289;-156;371;231;854;206;
62;807;805;766;764;764;385;-294;-155;377;231;854;206;
63;807;804;766;765;765;385;-288;-151;378;231;854;196;
64;805;805;764;765;765;384;-295;-156;377;230;854;196;
65;804;806;764;765;765;383;-286;-154;381;231;854;277;
66;805;808;765;764;764;383;-286;-153;375;231;853;277;
67;806;808;767;765;765;384;-280;-164;374;231;854;281;
68;805;807;765;765;765;384;-279;-153;381;231;853;281;
69;805;807;764;765;765;383;-285;-157;375;231;854;281;
70;805;807;764;764;765;383;-286;-163;371;231;853;281;
71;804;809;763;764;765;383;-288;-157;375;231;854;281;
72;804;808;764;765;764;384;-286;-155;385;231;853;281;
73;805;807;765;764;764;384;-287;-159;378;231;854;281;
74;805;806;764;765;765;384;-281;-155;378;231;853;207;
75;806;806;765;765;765;384;-286;-154;382;231;854;207;
76;805;807;765;765;764;384;-286;-157;374;231;854;197;
77;805;807;764;765;764;384;-279;-161;381;231;854;197;
78;806;806;765;765;764;384;-278;-159;378;231;854;277;
79;805;807;764;765;765;383;-285;-163;378;231;853;278;
80;805;810;765;765;764;383;-284;-165;374;231;854;281;
81;804;810;765;765;764;384;-279;-164;376;231;854;281;
82;805;809;766;765;765;385;-284;-166;373;231;854;282;
83;805;807;765;765;765;385;-289;-160;376;231;853;282;
84;806;807;765;765;764;385;-280;-166;382;231;854;281;
85;805;808;764;765;764;384;-282;-163;373;231;853;281;
86;806;809;765;765;764;384;-280;-159;375;231;854;281;
87;805;808;765;765;765;385;-283;-167;378;231;853;207;
88;804;808;765;765;764;385;-281;-160;374;231;854;207;
89;805;806;766;765;764;385;-288;-162;378;231;853;197;
90;805;806;766;765;764;384;-286;-161;374;230;854;272;
91;805;807;766;765;765;384;-288;-165;377;231;853;278;
92;805;809;766;765;764;384;-288;-164;376;231;854;278;
93;807;809;767;765;764;384;-290;-160;377;231;854;282;
94;806;808;765;764;765;385;-283;-160;378;231;854;282;
95;806;807;764;765;765;384;-288;-160;375;231;854;282;
96;806;808;764;765;765;384;-283;-157;372;231;854;282;
97;806;808;764;765;765;385;-287;-165;375;231;853;282;
98;805;806;764;765;765;385;-286;-157;376;231;853;282;
99;806;806;765;765;764;384;-287;-154;370;231;854;282;
0;805;806;765;765;764;384;-286;-163;375;231;852;208;
1;804;807;764;765;765;384;-284;-160;375;231;853;208;
2;805;808;764;764;764;384;-288;-164;380;231;852;196;
3;807;807;765;765;764;384;-287;-156;375;231;853;277;
4;805;807;764;765;765;385;-287;-160;379;231;852;278;
5;805;807;764;765;765;384;-294;-159;378;231;853;278;
6;804;809;763;765;764;384;-288;-158;379;231;853;282;
7;805;809;765;765;764;384;-291;-159;379;231;853;282;
8;804;808;765;765;764;384;-288;-155;377;231;852;282;
9;805;808;765;765;764;384;-294;-157;378;231;853;282;
10;806;807;767;765;764;384;-288;-164;377;231;853;282;
11;806;808;766;765;765;384;-286;-160;376;231;853;282;
12;806;809;766;764;765;384;-292;-164;377;231;853;282;
13;806;808;766;764;765;384;-288;-163;377;231;853;208;
14;806;807;765;765;765;384;-290;-156;375;231;853;208;
15;806;806;764;765;765;384;-295;-157;380;231;853;198;
16;806;807;764;765;765;384;-286;-156;375;231;852;278;
17;805;808;765;765;765;384;-289;-163;379;231;852;278;
18;805;808;765;764;764;384;-286;-160;378;231;853;279;
19;806;807;766;764;764;384;-293;-169;378;231;852;282;
20;804;807;763;764;765;384;-287;-160;385;231;852;282;
21;805;807;764;765;765;384;-288;-160;374;231;852;282;
22;805;808;765;765;764;384;-286;-160;374;231;853;282;
23;805;808;765;765;764;384;-291;-158;374;231;853;282;
24;806;808;765;764;764;384;-289;-155;378;231;852;282;
25;807;807;765;765;765;384;-290;-163;382;231;852;283;
26;806;807;764;765;765;384;-290;-163;382;231;853;208;
27;806;807;765;765;765;384;-286;-156;374;231;853;208;
28;805;807;764;765;764;384;-280;-164;379;231;852;198;
29;806;807;765;764;764;384;-284;-157;374;231;852;278;
30;806;806;765;765;764;384;-287;-160;374;231;853;278;
31;806;807;766;765;765;384;-284;-157;376;231;853;282;
32;805;808;765;765;765;384;-293;-156;374;231;852;282;
33;805;809;765;764;764;384;-287;-155;379;231;853;283;
34;805;808;764;764;765;384;-284;-162;386;231;852;282;
35;805;807;765;765;764;384;-292;-158;382;231;853;282;
36;805;807;766;765;764;384;-289;-160;376;231;851;281;
37;806;807;765;765;764;384;-288;-165;378;231;853;282;
38;805;808;765;765;764;384;-286;-158;376;231;852;281;
39;805;807;765;765;765;384;-291;-161;377;231;853;208;
40;806;807;765;765;765;384;-286;-157;382;231;851;208;
41;806;807;765;765;765;384;-293;-152;378;231;853;198;
42;805;808;765;765;765;384;-289;-161;381;231;852;278;
43;805;807;764;765;765;384;-290;-155;380;231;852;278;
44;806;807;765;765;764;384;-289;-161;376;231;852;282;
45;806;807;765;765;765;384;-287;-160;382;231;853;282;
46;805;807;765;765;765;384;-293;-154;379;231;852;282;
47;806;807;765;765;765;384;-286;-158;378;231;852;282;
48;806;807;765;764;765;384;-290;-152;377;231;852;282;
49;805;806;765;764;764;384;-284;-159;372;231;852;281;
50;805;807;765;765;765;384;-290;-153;379;231;852;281;
51;805;807;764;765;765;384;-282;-164;377;231;852;207;
52;805;808;765;765;764;384;-286;-155;378;231;852;207;
53;806;807;765;765;765;384;-287;-159;375;231;852;201;
54;806;806;765;765;765;384;-288;-151;378;231;852;197;
55;806;807;765;765;764;384;-286;-155;378;231;852;277;
56;805;807;765;765;765;384;-286;-160;374;231;853;277;
57;806;807;764;765;764;384;-287;-163;382;231;852;281;
58;806;807;765;764;764;384;-288;-161;374;231;852;281;
59;806;806;765;764;765;384;-288;-157;376;231;852;281;
60;806;807;765;765;765;384;-284;-155;375;231;853;281;
61;805;808;765;765;765;384;-285;-155;376;231;853;281;
62;805;807;765;765;764;384;-288;-153;372;231;852;281;
63;805;806;765;764;764;384;-287;-155;382;231;852;281;
64;806;807;766;764;764;384;-282;-163;379;231;852;207;
65;806;807;766;765;765;385;-282;-155;376;231;853;207;
66;805;806;765;765;765;384;-287;-160;381;231;852;201;
67;806;806;765;764;764;384;-288;-160;378;231;852;197;
68;805;807;765;765;764;384;-288;-157;382;231;852;277;
69;805;807;765;764;764;384;-286;-155;380;231;852;277;
70;805;807;765;765;765;384;-285;-158;379;231;852;281;
71;804;808;764;765;765;384;-286;-155;382;231;852;281;
72;805;807;765;765;764;384;-285;-157;376;231;852;281;
73;806;807;765;765;764;384;-280;-150;378;231;853;281;
74;806;806;765;765;764;384;-287;-154;380;231;852;281;
75;804;807;764;765;764;384;-284;-161;375;231;853;281;
76;805;807;764;765;764;384;-285;-155;379;231;852;280;
77;805;806;765;765;764;384;-287;-153;374;231;852;206;
78;806;807;765;765;764;384;-284;-161;377;231;853;206;
79;806;808;765;765;765;384;-291;-156;375;231;853;200;
80;805;807;765;765;765;385;-286;-155;379;231;852;196;
81;805;807;765;765;764;384;-289;-152;383;231;852;276;
82;805;807;765;764;764;384;-286;-158;380;231;852;276;
83;806;807;766;765;765;384;-278;-157;379;232;852;280;
84;806;808;766;765;765;384;-286;-154;378;231;852;280;
85;806;807;766;765;765;385;-287;-154;376;231;852;280;
86;805;806;765;765;765;384;-287;-158;380;231;852;280;
87;805;807;764;764;765;384;-283;-158;382;231;852;280;
88;807;806;765;764;765;384;-287;-160;379;231;853;280;
89;805;809;760;764;765;383;-285;-153;379;231;852;279;
90;799;816;749;762;765;381;-290;-148;379;231;852;205;
91;802;820;741;760;763;380;-285;-148;376;231;852;205;
92;805;820;732;760;763;382;-295;-133;373;231;853;196;
93;809;806;723;762;764;385;-297;-125;372;231;852;196;
94;813;794;721;765;765;383;-294;-127;376;231;852;276;
95;802;797;712;767;766;378;-294;-123;376;231;853;276;
96;803;808;724;769;765;376;-290;-146;373;231;853;280;
97;805;813;736;771;766;380;-288;-154;380;231;852;280;
98;804;812;739;773;767;385;-285;-182;385;231;853;281;
99;806;810;744;774;767;387;-284;-191;391;231;852;281;
0;804;804;752;776;768;388;-273;-215;393;231;851;281;
1;797;802;752;776;768;387;-270;-246;399;231;852;281;
2;792;802;757;776;766;386;-263;-270;397;231;851;279;
3;795;804;774;776;764;389;-255;-308;396;231;852;207;
4;801;802;794;774;763;392;-255;-325;386;231;851;208;
5;808;799;810;774;764;393;-273;-350;380;231;851;197;
6;803;797;811;771;763;391;-277;-359;375;231;852;197;
7;815;791;822;767;762;386;-289;-372;363;231;852;276;
8;814;798;825;768;763;387;-290;-374;362;231;852;278;
9;810;801;824;768;764;386;-295;-380;356;232;851;281;
10;808;811;827;766;765;382;-292;-389;351;231;852;282;
11;806;817;825;763;765;383;-288;-391;354;231;852;281;
12;807;809;817;762;765;385;-290;-385;352;231;852;282;
13;810;804;811;761;765;383;-292;-381;359;231;851;282;
14;807;807;802;761;765;381;-287;-375;362;231;852;282;
15;804;810;794;761;766;381;-277;-365;365;231;852;281;
16;801;812;782;759;765;380;-273;-355;370;231;852;208;
17;799;815;773;757;764;379;-274;-352;375;231;851;208;
18;809;815;777;756;763;380;-272;-330;385;231;852;197;
19;810;809;766;757;765;381;-272;-311;382;231;851;272;
20;800;810;752;757;765;378;-273;-292;388;232;852;277;
21;800;812;756;757;764;376;-262;-277;389;231;851;277;
22;799;818;753;755;764;377;-263;-262;397;231;852;282;
23;797;814;743;755;764;380;-265;-244;401;231;851;281;
24;802;811;741;756;763;382;-267;-218;403;231;852;281;
25;812;805;748;758;764;384;-262;-199;396;231;851;280;
26;801;807;732;760;766;383;-266;-183;395;231;852;280;
27;792;811;728;760;765;380;-273;-174;399;231;852;280;
28;796;810;735;760;763;380;-271;-162;392;231;851;279;
29;802;804;744;762;763;383;-273;-157;392;231;851;206;
30;803;799;747;763;764;384;-275;-148;387;231;852;206;
31;804;799;752;763;763;382;-277;-143;387;231;852;196;
32;806;800;758;764;764;382;-283;-139;387;231;851;275;
33;805;801;759;765;765;384;-279;-134;378;231;851;276;
34;802;800;758;765;765;385;-278;-136;388;232;851;276;
35;800;799;756;765;764;384;-283;-140;387;231;852;280;
36;802;800;760;765;763;383;-281;-141;389;231;850;280;
37;805;802;765;765;763;383;-283;-142;387;231;851;280;
38;807;802;768;766;764;385;-286;-144;383;231;851;281;
39;805;800;766;766;765;385;-285;-145;381;231;852;281;
40;804;802;765;766;764;384;-291;-144;382;231;851;280;
41;805;803;766;765;764;383;-285;-151;378;231;851;280;
42;805;803;766;766;764;384;-283;-152;386;231;851;207;
43;805;804;767;766;765;385;-290;-158;376;231;851;207;
44;803;804;764;766;765;386;-297;-158;381;231;851;197;
45;804;802;763;765;764;384;-287;-157;381;231;851;276;
46;805;803;766;765;764;385;-298;-165;379;232;851;277;
47;805;804;766;765;764;385;-295;-166;374;231;851;277;
48;806;804;767;765;764;385;-292;-159;382;231;850;281;
49;805;804;766;765;765;385;-297;-160;376;232;851;282;
50;804;804;764;765;764;385;-287;-163;380;232;851;281;
51;805;803;764;765;764;384;-293;-160;371;231;851;281;
52;807;803;766;765;764;384;-286;-163;377;232;851;281;
53;808;803;765;765;764;385;-293;-155;377;231;851;281;
54;806;805;765;765;765;385;-297;-161;376;231;851;280;
55;806;805;765;765;764;386;-290;-158;378;231;851;207;
56;807;804;765;765;765;386;-301;-161;380;231;851;207;
57;808;802;764;765;765;386;-302;-162;373;231;851;197;
58;808;801;764;765;765;384;-299;-165;376;232;851;277;
59;808;805;766;765;764;384;-300;-157;374;231;851;277;
60;808;804;765;765;765;386;-297;-160;379;232;851;281;
61;807;802;764;765;765;386;-294;-153;374;232;851;281;
62;806;802;764;765;765;385;-295;-157;377;232;851;281;
63;806;804;765;765;765;384;-293;-154;378;231;851;281;
64;807;805;766;765;765;385;-293;-159;376;231;851;281;
65;807;803;766;765;765;386;-293;-161;378;232;851;281;
66;804;804;764;765;765;386;-291;-161;375;231;851;281;
67;805;806;765;765;765;385;-289;-157;375;232;851;280;
68;806;805;767;765;764;385;-290;-162;383;231;851;207;
69;805;806;766;765;765;386;-288;-154;376;231;852;207;
70;805;804;765;765;765;387;-290;-160;378;231;851;197;
71;805;801;764;765;765;387;-286;-152;378;232;851;277;
72;803;802;763;765;765;386;-288;-156;380;231;851;277;
73;805;805;765;765;764;385;-292;-155;378;232;852;281;
74;805;807;765;765;765;386;-286;-149;378;232;851;281;
75;804;807;764;765;765;387;-286;-151;385;231;851;281;
76;804;802;762;765;765;387;-289;-151;381;231;851;281;
77;805;803;763;765;764;385;-293;-148;377;232;851;282;
78;805;806;764;765;764;384;-289;-150;378;231;851;281;
79;805;806;764;765;764;385;-288;-153;379;232;852;281;
80;806;806;764;765;764;386;-296;-150;377;231;852;207;
81;807;804;764;766;764;386;-291;-155;379;231;851;208;
82;806;804;765;766;764;384;-294;-155;376;231;851;201;
83;807;806;767;766;764;382;-294;-164;372;231;851;197;
84;806;810;770;765;764;383;-293;-159;372;232;851;277;
85;806;807;773;766;764;385;-292;-162;369;232;851;277;
86;804;805;776;766;764;384;-295;-169;372;232;851;281;
87;804;803;783;766;764;383;-294;-169;374;232;851;281;
88;801;807;789;766;765;382;-300;-168;378;231;851;281;
89;804;809;800;764;764;385;-295;-169;377;232;851;282;
90;809;800;806;764;764;388;-292;-163;373;232;851;282;
91;815;793;811;763;765;387;-297;-162;375;232;851;281;
92;808;796;803;763;765;385;-296;-162;370;231;852;281;
93;804;810;797;759;765;383;-297;-158;368;232;851;208;
94;815;803;795;756;767;388;-299;-133;374;231;851;208;
95;808;779;764;760;771;397;-290;-112;384;232;852;202;
96;793;772;728;763;771;393;-271;-93;390;231;851;199;
97;790;791;719;763;769;383;-252;-87;399;232;851;282;
98;790;808;722;760;767;378;-238;-81;394;232;851;283;
99;795;811;734;759;766;380;-235;-74;402;232;851;304;
0;794;809;731;762;766;384;-238;-65;392;232;850;290;
1;793;808;728;764;766;384;-227;-61;404;232;851;294;
2;793;806;728;763;765;382;-230;-53;405;232;850;293;
3;797;805;735;763;763;379;-233;-54;403;231;851;289;
4;798;803;740;764;764;382;-236;-46;398;232;850;286;
5;797;796;736;768;765;387;-238;-53;400;232;851;289;
6;790;795;720;767;765;386;-238;-58;401;231;849;214;
7;785;794;713;766;763;383;-236;-64;402;231;851;213;
8;792;791;725;767;761;381;-244;-68;397;231;850;206;
9;795;790;737;768;761;382;-248;-81;397;231;851;202;
10;799;787;752;769;761;383;-257;-88;390;232;850;281;
11;804;790;773;769;762;383;-267;-104;386;232;851;281;
12;807;789;783;770;762;385;-270;-113;387;232;851;283;
13;808;793;792;770;761;382;-284;-127;386;232;851;283;
14;812;799;800;770;762;384;-292;-137;373;232;851;282;
15;811;802;801;770;764;385;-299;-156;378;232;851;281;
16;810;803;798;768;765;383;-293;-161;373;232;851;281;
17;812;804;796;767;765;383;-288;-173;373;232;850;280;
18;807;808;790;768;766;384;-291;-184;385;232;850;280;
19;803;812;783;768;766;384;-289;-183;387;231;850;207;
20;799;820;779;765;764;384;-281;-192;391;232;851;207;
21;805;812;778;763;763;384;-286;-195;387;232;850;197;
22;806;807;773;764;764;384;-291;-186;384;232;851;197;
23;805;807;769;765;764;382;-286;-188;380;232;850;277;
24;802;816;768;764;764;383;-285;-192;385;232;851;278;
25;805;815;769;763;763;386;-294;-188;378;232;850;281;
26;806;805;766;763;764;388;-294;-177;377;232;850;281;
27;805;802;763;764;764;386;-293;-180;378;232;851;282;
28;809;802;765;764;764;382;-301;-170;375;232;851;281;
29;805;808;764;764;765;382;-295;-172;374;232;851;281;
30;804;809;763;764;764;384;-299;-165;377;232;850;280;
31;806;803;763;765;765;386;-298;-167;373;232;851;280;
32;805;804;763;765;765;385;-294;-163;376;232;851;207;
33;806;806;763;765;764;383;-295;-167;374;232;851;207;
34;805;810;765;765;765;384;-299;-170;372;232;850;197;
35;805;807;765;764;765;386;-297;-167;387;232;851;197;
36;806;804;765;765;765;386;-294;-163;377;232;850;277;
37;806;805;764;765;765;384;-299;-166;376;232;850;276;
38;806;806;765;764;764;383;-297;-166;373;232;849;281;
39;807;807;768;764;765;383;-292;-168;381;232;850;281;
40;806;807;767;765;765;385;-298;-170;378;232;850;281;
41;804;808;765;765;765;385;-298;-166;376;232;851;281;
42;804;805;764;765;765;385;-293;-163;380;232;850;281;
43;804;805;763;764;764;383;-293;-161;380;232;851;281;
44;806;806;766;764;764;382;-296;-164;370;232;850;280;
45;807;807;766;765;764;384;-295;-163;377;232;850;206;
46;805;807;765;765;765;384;-292;-165;378;232;850;206;
47;806;805;765;765;765;385;-293;-163;378;232;850;196;
48;804;807;763;764;765;384;-287;-164;375;232;850;271;
49;806;806;765;764;764;384;-292;-164;379;232;850;276;
50;806;804;766;764;764;384;-296;-164;372;232;850;276;
51;805;806;766;765;765;383;-295;-161;378;232;850;280;
52;806;807;766;764;765;383;-291;-166;373;232;851;280;
53;804;806;765;765;764;384;-290;-161;386;232;850;280;
54;805;807;764;764;765;384;-294;-158;374;232;851;280;
55;807;806;766;764;765;384;-295;-156;369;232;850;280;
56;805;805;764;765;765;384;-296;-155;378;232;850;280;
57;804;808;764;764;765;384;-295;-156;377;232;850;280;
58;806;806;764;764;765;385;-290;-152;372;232;850;206;
59;805;804;763;764;764;385;-290;-157;376;232;850;206;
60;807;803;765;764;764;384;-299;-151;374;232;850;196;
61;807;804;764;765;765;384;-295;-150;375;232;850;275;
62;805;807;763;765;764;384;-289;-151;381;232;850;276;
63;806;806;765;764;764;385;-297;-152;371;232;851;276;
64;806;803;764;764;764;385;-299;-154;374;232;851;280;
65;807;802;765;765;765;384;-292;-150;374;232;851;280;
66;807;803;765;765;765;384;-292;-150;370;232;850;280;
67;807;804;765;765;764;384;-298;-147;375;232;850;280;
68;806;805;765;765;765;385;-298;-144;373;232;850;280;
69;806;803;765;765;765;385;-295;-146;376;232;851;280;
70;806;803;765;765;765;384;-297;-144;372;232;850;279;
71;807;804;766;765;765;383;-299;-145;369;232;851;206;
72;805;806;765;765;765;384;-295;-149;376;232;850;205;
73;806;804;765;764;764;384;-296;-152;373;232;851;196;
74;806;804;765;765;765;384;-295;-151;375;232;850;275;
75;806;804;765;765;765;384;-296;-150;374;232;850;276;
76;806;804;765;765;765;384;-298;-145;376;232;850;276;
77;806;804;765;765;765;384;-302;-148;374;232;851;280;
78;806;806;765;765;765;384;-295;-144;375;232;851;280;
79;805;804;763;765;765;385;-293;-143;372;232;850;280;
80;806;804;765;764;764;384;-295;-147;373;232;850;280;
81;807;804;765;765;764;384;-301;-143;373;232;851;280;
82;806;805;764;765;765;384;-301;-148;373;232;851;279;
83;806;806;765;765;765;384;-301;-144;365;232;850;279;
84;806;805;765;765;765;385;-301;-145;376;232;850;205;
85;806;803;764;764;765;385;-304;-149;373;232;850;205;
86;807;802;765;765;765;384;-297;-146;372;232;850;196;
87;806;803;764;765;765;383;-295;-144;374;232;850;275;
88;806;806;765;765;764;384;-297;-148;370;232;851;276;
89;806;805;765;765;765;384;-305;-146;370;232;850;280;
90;807;804;765;765;765;384;-299;-147;373;232;851;280;
91;807;803;766;765;764;384;-295;-142;368;232;850;280;
92;807;803;765;765;765;384;-291;-147;370;232;850;280;
93;806;804;765;765;765;384;-299;-147;370;232;850;280;
94;806;805;765;764;765;384;-301;-150;374;232;850;280;
95;806;805;766;764;765;384;-307;-146;369;232;851;279;
96;806;803;765;765;765;385;-291;-147;372;232;851;278;
97;806;803;765;765;764;384;-296;-140;371;232;851;206;
98;805;804;764;765;765;384;-301;-143;374;232;850;206;
99;806;804;765;765;765;384;-303;-144;371;232;851;196;
0;806;804;764;765;764;385;-297;-151;374;232;849;275;
1;807;803;765;764;764;384;-299;-140;371;232;850;275;
2;807;804;766;765;764;384;-301;-140;369;232;849;278;
3;806;804;765;765;765;384;-297;-140;370;232;850;280;
4;806;804;765;765;766;384;-297;-136;369;232;848;280;
5;807;802;765;765;765;384;-303;-137;371;232;850;280;
6;807;802;765;765;765;384;-305;-136;371;232;849;280;
7;807;804;766;765;765;384;-300;-141;371;232;850;280;
8;806;805;766;764;765;384;-294;-139;367;232;850;280;
9;806;805;765;765;765;384;-304;-135;374;232;850;206;
10;806;803;764;765;765;385;-302;-141;374;232;850;206;
11;806;802;765;765;764;384;-298;-134;371;232;850;200;
12;807;803;765;765;765;384;-301;-137;372;232;850;196;
13;806;804;765;765;765;384;-301;-132;372;232;850;276;
14;806;804;765;764;765;384;-299;-135;369;232;850;276;
15;806;803;765;765;765;384;-296;-139;367;232;850;280;
16;806;803;765;765;765;384;-300;-140;376;232;849;280;
17;806;803;765;765;765;384;-300;-135;371;232;849;281;
18;806;804;766;765;765;384;-299;-137;371;232;850;280;
19;806;804;766;764;765;385;-305;-137;369;232;850;280;
20;807;802;766;764;764;385;-299;-132;370;232;849;280;
21;806;802;765;764;765;384;-303;-136;368;232;849;281;
22;805;804;763;764;764;383;-299;-134;365;232;850;206;
23;807;806;760;764;764;384;-302;-132;369;232;849;207;
24;812;806;755;764;765;384;-300;-131;372;232;849;200;
25;804;808;737;764;766;384;-303;-127;372;232;849;197;
26;797;811;716;765;767;382;-292;-132;373;232;850;276;
27;795;808;706;766;765;382;-287;-127;372;232;849;275;
28;803;802;712;769;765;386;-298;-137;382;232;849;280;
29;803;802;714;771;765;386;-291;-150;377;232;850;280;
30;810;803;730;773;764;384;-288;-172;380;232;850;281;
31;812;808;748;774;765;385;-296;-188;381;232;850;281;
32;810;804;757;775;766;389;-299;-212;382;232;849;281;
33;804;800;762;775;766;389;-287;-227;380;232;850;281;
34;799;800;771;774;764;388;-288;-243;382;232;849;281;
35;802;799;791;773;762;387;-296;-274;374;232;849;205;
36;814;797;814;771;762;386;-299;-287;375;232;849;206;
37;813;796;823;771;763;391;-304;-302;362;232;850;201;
38;810;792;827;769;763;389;-310;-311;360;232;849;197;
39;815;792;834;767;764;385;-320;-324;349;232;849;276;
40;809;800;833;766;765;382;-319;-320;350;232;848;276;
41;809;809;832;765;766;381;-312;-327;351;232;850;280;
42;808;814;827;764;767;381;-310;-328;358;232;849;277;
43;808;814;820;762;767;381;-304;-334;359;232;849;279;
44;803;810;805;761;767;381;-300;-326;364;232;850;284;
45;803;809;797;759;766;378;-288;-315;370;232;849;278;
46;799;812;784;757;766;376;-283;-309;373;232;849;280;
47;794;814;765;755;766;377;-272;-289;384;232;848;280;
48;799;812;759;755;764;378;-274;-275;387;232;849;207;
49;802;813;750;756;764;382;-273;-246;389;232;849;208;
50;793;814;723;756;764;384;-280;-231;394;232;849;197;
51;794;816;712;756;763;382;-276;-219;387;232;849;197;
52;809;811;723;756;762;381;-280;-186;387;232;849;278;
53;810;797;724;759;764;386;-288;-168;383;232;849;278;
54;802;796;721;762;765;386;-292;-155;380;232;849;282;
55;802;797;727;763;764;385;-291;-147;375;232;849;282;
56;805;797;739;765;764;385;-288;-144;378;232;849;282;
57;809;797;753;766;764;385;-292;-144;378;232;849;282;
58;810;800;761;766;765;384;-289;-148;377;232;850;281;
59;810;802;765;766;766;383;-288;-154;376;232;849;281;
60;808;805;767;766;765;383;-289;-150;387;232;850;281;
61;807;805;768;766;765;383;-290;-156;385;232;850;207;
62;806;804;769;765;765;384;-290;-166;379;232;850;207;
63;805;803;769;766;765;383;-286;-166;385;232;850;197;
64;805;806;771;766;765;382;-286;-171;387;232;849;197;
65;804;808;771;765;764;383;-287;-168;385;232;850;277;
66;807;804;772;765;765;385;-284;-172;382;232;849;277;
67;805;802;770;765;765;384;-284;-169;383;232;850;281;
68;801;806;767;765;765;382;-285;-172;381;232;849;281;
69;804;808;768;764;764;382;-290;-180;386;232;849;281;
70;805;807;767;764;764;384;-291;-174;384;232;849;282;
71;803;806;763;764;764;385;-285;-179;380;232;850;282;
72;804;802;761;764;765;386;-289;-170;384;232;849;281;
73;805;801;760;765;765;386;-287;-171;386;232;850;281;
74;805;803;761;764;765;384;-291;-169;386;232;849;208;
75;805;804;763;765;765;384;-283;-170;383;232;850;207;
76;804;803;765;765;765;386;-286;-173;378;232;849;198;
77;801;802;770;766;765;385;-286;-170;388;232;849;272;
78;798;801;782;766;764;385;-279;-168;381;232;850;277;
79;803;802;798;766;763;386;-289;-170;385;232;850;277;
80;816;802;823;767;765;387;-289;-176;386;233;850;281;
81;821;818;836;766;768;390;-287;-173;383;232;850;282;
82;823;808;829;761;768;394;-280;-166;382;232;849;281;
83;818;796;813;758;770;389;-265;-146;397;232;849;281;
84;803;796;781;755;772;385;-257;-135;398;232;850;281;
85;782;788;743;754;770;382;-243;-114;405;232;849;281;
86;779;783;723;757;769;380;-225;-76;414;232;850;281;
87;779;787;712;759;767;380;-221;-71;408;232;849;209;
88;783;791;713;761;765;381;-209;-56;413;232;850;214;
89;786;791;723;763;764;382;-220;-46;408;232;849;237;
90;792;790;730;763;763;381;-214;-48;409;232;850;281;
91;795;791;741;765;763;384;-219;-47;412;232;849;293;
92;795;788;748;766;764;385;-222;-47;408;232;850;292;
93;801;786;756;766;763;383;-220;-41;407;233;849;287;
94;799;792;759;768;764;383;-225;-52;399;232;850;284;
95;798;796;760;767;765;384;-221;-57;402;232;850;285;
96;798;797;758;766;765;383;-227;-55;403;232;850;288;
97;794;798;750;767;765;385;-226;-66;404;232;850;286;
98;791;798;744;767;764;384;-224;-77;409;232;850;284;
99;792;798;742;766;763;383;-229;-77;410;232;850;285;
0;793;797;739;767;763;384;-233;-88;406;232;848;212;
1;792;794;738;769;763;385;-236;-93;404;232;849;212;
2;795;793;744;769;762;384;-238;-99;398;232;848;196;
3;799;799;752;769;762;384;-247;-108;404;232;849;278;
4;801;801;759;769;762;385;-244;-113;403;233;849;278;
5;803;800;765;769;762;386;-256;-132;391;232;849;277;
6;806;798;773;769;762;387;-263;-133;396;233;849;281;
7;808;797;779;770;763;389;-271;-150;390;232;849;281;
8;808;800;785;768;763;389;-276;-156;390;232;849;280;
9;811;800;790;768;763;391;-288;-160;383;232;849;280;
10;810;796;790;769;764;390;-283;-159;379;232;848;280;
11;809;798;789;768;764;387;-287;-167;381;232;849;281;
12;807;805;786;767;764;384;-288;-175;379;232;849;280;
13;806;809;784;766;764;383;-289;-176;377;232;849;207;
14;804;810;780;765;764;384;-291;-184;375;232;849;205;
15;804;808;776;765;763;385;-290;-180;369;232;849;197;
16;805;807;772;765;764;385;-293;-178;374;232;849;277;
17;806;810;771;764;764;384;-295;-178;370;232;848;276;
18;808;809;772;764;764;383;-302;-181;371;233;849;280;
19;807;809;768;764;765;383;-305;-174;369;233;849;280;
20;806;808;765;764;765;384;-303;-177;374;232;849;280;
21;805;809;762;764;764;384;-301;-172;370;232;848;280;
22;805;808;763;764;764;385;-303;-173;365;232;849;280;
23;807;807;764;764;764;384;-296;-171;366;232;848;280;
24;807;807;764;764;764;385;-306;-166;365;232;849;280;
25;807;806;764;765;765;385;-301;-172;373;232;848;279;
26;807;806;764;765;765;384;-305;-165;373;233;849;206;
27;807;809;765;765;764;384;-307;-165;371;232;849;206;
28;807;808;765;764;764;385;-305;-169;369;232;849;196;
29;807;806;765;764;764;385;-304;-169;370;232;848;276;
30;807;804;764;765;765;384;-305;-166;365;233;849;276;
31;807;807;765;764;764;382;-301;-164;371;233;849;280;
32;808;809;767;765;765;383;-308;-161;374;233;848;278;
33;807;808;766;765;765;385;-310;-164;366;232;848;280;
34;806;805;764;765;765;385;-307;-166;369;232;848;280;
35;806;807;764;764;764;383;-299;-169;366;232;849;280;
36;807;807;765;765;764;383;-311;-164;369;232;848;280;
37;808;808;767;765;764;383;-300;-167;367;233;848;278;
38;807;807;766;765;765;384;-308;-167;368;232;848;206;
39;806;807;764;765;765;384;-301;-168;364;232;849;206;
40;806;806;764;765;765;384;-304;-166;367;232;848;200;
41;807;807;765;765;765;384;-304;-167;371;232;848;196;
42;807;808;767;765;765;384;-305;-171;368;232;848;275;
43;806;808;765;765;765;385;-299;-169;367;232;849;275;
44;805;808;765;764;764;385;-306;-167;369;233;849;279;
45;807;805;765;765;765;385;-313;-169;366;233;848;280;
46;806;805;765;765;765;384;-303;-166;369;233;848;279;
47;807;806;766;764;765;383;-305;-169;369;233;847;279;
48;806;808;766;765;764;384;-306;-171;370;232;848;279;
49;805;807;764;765;765;385;-302;-165;369;233;847;279;
50;806;806;765;765;765;385;-304;-163;368;233;849;279;
51;807;805;765;765;765;385;-306;-163;366;233;848;206;
52;806;806;764;765;764;384;-305;-163;366;232;849;206;
53;807;808;766;764;765;384;-302;-163;365;233;848;199;
54;807;807;766;765;765;385;-309;-161;370;232;849;196;
55;806;805;764;765;765;385;-305;-159;370;233;848;275;
56;807;805;765;765;765;385;-305;-161;370;232;849;275;
57;807;806;766;765;765;384;-311;-153;370;233;848;279;
58;807;807;765;765;765;385;-304;-160;368;233;849;279;
59;807;808;764;765;765;385;-302;-165;368;232;848;279;
60;808;805;764;764;765;385;-309;-164;367;233;849;279;
61;808;805;764;765;765;385;-305;-154;368;232;849;279;
62;807;805;764;765;765;384;-308;-157;367;232;849;279;
63;807;806;765;765;765;384;-304;-154;371;233;849;279;
64;805;808;765;765;764;384;-302;-156;366;232;849;205;
65;807;807;766;764;764;385;-303;-160;371;232;849;206;
66;806;805;764;765;765;386;-307;-153;370;232;849;200;
67;807;803;763;765;765;384;-304;-151;367;232;849;196;
68;807;805;765;765;764;383;-305;-153;369;233;848;275;
69;808;807;766;765;764;384;-302;-154;366;233;849;275;
70;808;806;766;765;765;385;-306;-150;367;233;848;279;
71;808;805;764;765;765;385;-305;-148;371;233;849;280;
72;806;806;763;765;764;384;-310;-155;361;233;848;279;
73;808;806;766;765;765;383;-309;-162;366;233;849;279;
74;808;806;766;765;765;384;-306;-154;370;233;848;279;
75;806;807;765;765;765;384;-311;-152;369;233;849;280;
76;807;806;764;765;765;384;-310;-152;367;233;848;279;
77;807;805;764;765;765;384;-312;-152;364;233;849;206;
78;808;805;765;764;765;383;-307;-152;367;233;849;206;
79;808;805;766;765;765;383;-313;-153;366;232;849;196;
80;807;805;765;765;765;384;-302;-154;371;232;849;196;
81;806;805;765;765;764;383;-304;-151;367;233;849;275;
82;808;806;766;764;764;383;-306;-161;372;233;849;275;
83;807;805;766;765;765;384;-306;-152;364;233;849;280;
84;806;805;764;765;765;384;-305;-159;371;233;849;280;
85;807;805;765;764;765;384;-298;-156;365;233;848;280;
86;807;806;765;765;765;384;-305;-159;366;233;849;280;
87;806;806;765;765;765;384;-298;-156;368;233;848;280;
88;807;805;765;765;765;384;-304;-153;370;233;849;280;
89;807;805;766;765;765;384;-301;-160;368;233;848;279;
90;806;806;764;765;765;384;-302;-152;371;233;849;206;
91;807;806;765;765;764;384;-296;-155;370;233;848;206;
92;807;806;765;764;765;384;-305;-155;367;232;849;196;
93;807;804;765;765;765;385;-310;-155;367;233;848;197;
94;807;803;764;765;765;384;-304;-155;371;233;849;276;
95;805;805;763;765;765;383;-304;-158;368;233;849;276;
96;807;806;765;764;764;383;-304;-156;372;233;849;280;
97;808;805;766;765;764;384;-304;-156;365;233;849;280;
98;806;804;765;765;765;385;-303;-153;369;233;849;280;
99;806;804;764;765;765;384;-300;-154;370;232;849;280;
